,,,,,,,,,,,,,,,
,Пробурено на сегодня:,,"3 536,3",,,,,,,,,,,,
,Суммарная плановая глубина на сегодня:,,,"3779,0",,,,,,,,,,,
,Разница плана и факта на сегодня:,,,"242,7",,,,,,,,,,,
,Сводка по выполнению бурения инженерно-геологических скважин,,,,,,,,,,,,,,
,,,,,,,,,,,,,,,
,"Золотодобывающее предприятие на месторождении ""Сухой Лог""",,,,,,,,,,,,,,
,,,,,,,,,,,,,,,
,№ п/п,Тип буровой установки,Скв. №,Принадлежность к локальному проекту,Координаты (WGS 84),,"Глубина проектная, м","Глубина фактическая, м","Вскрытие скальных грунтов, м",Дата начала бурения,Дата окончания бурения,Термометрия,Количество отобранных проб,Геолог,Примечание
,,,,,Широта ,Долгота,,,,,,,,,
,1,2,3,,4,5,6,7,,8,9,10,11,12,13
,1,УРБ-2А2 (у727ат 96),P20-182,Промплощадка.Отвалы,58° 36.193',115° 12.571',10,"8,9","3,3",13.10.20,13.10.20,-,3,Копцев Я.Н.,закрыта согласно ТЗ (бурение 5 м по скале)
,2,УРБ-2А2 (у727ат 96),P20-191,Промплощадка.Отвалы,58° 36.100',115° 12.743',10,10,"2,2",14.10.20,14.10.20,-,4,Копцев Я.Н.,"Скальные грунты вскрыты на 2,2м"
,3,УРБ-2А2 (о614ае 797),P20-207,Промплощадка.Отвалы,58° 36.006',115° 12.916',10,10,"2,3",14.10.20,14.10.20,-,4,Титов Д.В.,"Скальные грунты вскрыты на 2,3м"
,4,УРБ-2А2 (о614ае 797),P20-151,Промплощадка.Отвалы,58° 35.647',115° 12.201',10,10,"6,4",15.10.20,15.10.20,-,3,Титов Д.В.,"Скальные грунты вскрыты на 6,4м"
,6,УРБ-2А2(ав 4157 38),P20-79,Промплощадка.Отвалы,58° 35.843',115° 10.805',15,10,"4,8",17.10.20,17.10.20,-,3,Сысолятин А.А.,закрыта согласно ТЗ (бурение 5 м по скале)
,7,УРБ-2А2(ав 4157 38),P20-83,Промплощадка.Отвалы,58° 36.209',115° 10.817',15,16,"10,7",17.10.20,18.10.20,-,4,"Сысолятин А.А., Титов Д.В.",закрыта согласно ТЗ (бурение 5 м по скале)
,5,УРБ-2А2 (у727ат 96),P20-107,Промплощадка.Отвалы,58° 35.765,115° 11.328',10,8,"2,7",17.10.20,19.10.20,-,2,Лебёдкин С.Н.,закрыта согласно ТЗ (бурение 5 м по скале)
,8,УРБ-2А2 (у727ат 96),P20-65,Промплощадка.Отвалы,58° 35.846',115° 10.454',15,10,"2,6",20.10.20,21.10.20,-,3,Лебёдкин С.Н.,закрыта согласно ТЗ (бурение 5 м по скале)
,9,УРБ-2А2(н474вм 138),P20-125,ВЛ 110,58° 35.743',115° 11.678',10,6,1,22.10.20,22.10.20,-,3,Титов Д.В.,закрыта согласно ТЗ (бурение 5 м по скале)
,12,УРБ-2А2 (у727ат 96),P20-159,Промплощадка.Отвалы,58° 36.379',115° 12.227',20,15,5,22.10.20,22.10.20,-,5,Лебёдкин С.Н.,закрыта согласно ТЗ (бурение 5 м по скале)
,10,УРБ-2А2(ав 4157 38),P20-91,Промплощадка.Отвалы,58° 35.933',115° 10.983',15,7,2,20.10.20,23.10.20,-,3,Титов Д.В.,закрыта согласно ТЗ (бурение 5 м по скале)
,17,УРБ-2А2 (у727ат 96),P20-137,Промплощадка.Отвалы,58° 36.448',115° 12.086',10,10,4,23.10.20,23.10.20,-,3,Лебёдкин С.Н.,закрыта согласно ТЗ (бурение 5 м по скале)
,11,ПБУ 2-318(в053хх 38),P20-221,Промплощадка.Отвалы,58° 35.927',115° 13.088',10,27,не вскрыты,21.10.20,24.10.20,-,8,Копцев Я.Н.,закрыта (согласована с заказчиком)
,13,УРБ-2А2(х034хх 38),P20-220/1,Промплощадка.Отвалы,58° 36.003',115° 13.266',10,"11,4","6,4",22.10.20,24.10.20,-,5,Фролов Э.А.,закрыта согласно ТЗ (бурение 5 м по скале)
,14,УРБ-2А2(х034хх 38),L110-2,ВЛ 110,58° 35.566',115° 14.162',10,10,"8,5",24.10.20,24.10.20,-,4,Фролов Э.А.,закрыта согласно ТЗ
,16,ПБУ 2-318(в053хх 38),L110-5,ВЛ 110,58° 35.668',115° 12.768',10,10,не вскрыты,24.10.20,24.10.20,-,3,Копцев Я.Н.,скважина закрыта согласно ТЗ
,15,УРБ-2А2(х034хх 38),L110-4,ВЛ 110,58° 35.617',115° 13.453',10,10,7,25.10.20,25.10.20,-,3,Фролов Э.А.,закрыта согласно ТЗ
,18,УРБ-2А2 (ав0014 38),L220-5,ВЛ 220,58° 35.580',115° 10.321',15,"4,3","2,3",25.10.20,25.10.20,-,2,Ребенок А.П.,закрыта согласно ТЗ (бурение 2 м по скале)
,19,УРБ-2А2 (ав0014 38),L220-54,ВЛ 220,58° 35.724',115° 10.064',15,4,2,25.10.20,25.10.20,-,3,Ребенок А.П.,закрыта согласно ТЗ (бурение 2 м по скале)
,20,УРБ-2А2(ав 4157 38),P20-89,Промплощадка.Отвалы,58° 36.116',115° 10.989',15,8,3,23.10.20,25.10.20,-,4,Титов Д.В.,закрыта согласно ТЗ (бурение 5 м по скале)
,21,УРБ-2А2(ав 4157 38),P20-95,Промплощадка.Отвалы,58° 36.023',115° 11.162',15,"9,8","4,8",25.10.20,25.10.20,-,5,Титов Д.В.,закрыта согласно ТЗ (бурение 5 м по скале)
,22,ПБУ 2-318(в053хх 38),P20-153,Промплощадка.Отвалы,58° 35.830',115° 12.208',10,20,не вскрыты,25.10.20,26.10.20,-,6,Копцев Я.Н.,"скальные грунты не вскрыты, скважина закрыта согласно договоренности с заказчиком"
,23,УРБ-2А2 (ав0014 38),L220-56,ВЛ 220,58° 35.475',115° 10.619',15,8,6,26.10.20,26.10.20,-,3,Ребенок А.П.,закрыта согласно ТЗ (бурение 2 м по скале)
,24,УРБ-2А2 (ав0014 38),L220-7,ВЛ 220,58° 35.454',115° 11.013',15,11,9,26.10.20,26.10.20,-,5,Ребенок А.П.,закрыта согласно ТЗ (бурение 2 м по скале)
,26,УРБ-2А2(ав 4157 38),P20-93,Промплощадка.Отвалы,58° 35.840',115° 11.155',15,"7,8","2,8",26.10.20,26.10.20,-,3,Титов Д.В.,закрыта согласно ТЗ (бурение 5 м по скале)
,25,ПБУ 2-318(в053хх 38),P20-193,Промплощадка.Отвалы,58° 35.916',115° 12.737',10,20,не вскрыты,27.10.20,27.10.20,-,6,Копцев Я.Н.,скважина закрыта согласно ТЗ
,27,УРБ-2А2(ав 4157 38),P20-103,Промплощадка.Отвалы,58° 36.113',115° 11.340',15,23,18,26.10.20,28.10.20,-,7,Титов Д.В.,закрыта согласно ТЗ (бурение 5 м по скале)
,29,УРБ-2А2 (ав0014 38),L220-9,ВЛ 220,58° 35.452',115° 11.838',15,4,"1,2",28.10.20,28.10.20,-,2,Ребенок А.П.,закрыта согласно ТЗ (бурение 2 м по скале)
,30,УРБ-2А2 (ав0014 38),L220-58,ВЛ 220,58° 35.473',115° 11.444',15,7,"4,5",28.10.20,28.10.20,-,2,Ребенок А.П.,закрыта согласно ТЗ (бурение 2 м по скале)
,28,ПБУ 2-318(в053хх 38),P20-180,Промплощадка.Отвалы,58° 36.010',115° 12.565',15,25,не вскрыты,28.10.20,29.10.20,-,7,Копцев Я.Н.,скважина закрыта согласно ТЗ
,31,УРБ-2А2 (ав0014 38),L220-11,ВЛ 220,58° 35.450',115° 12.663',15,6,3,29.10.20,29.10.20,-,4,Ребенок А.П.,закрыта согласно ТЗ (бурение 2 м по скале)
,32,УРБ-2А2 (ав0014 38),L220-60,ВЛ 220,58° 35.471',115° 12.270',15,7,3,29.10.20,29.10.20,-,3,Ребенок А.П.,закрыта согласно ТЗ (бурение 2 м по скале)
,33,УРБ-2А2 (ав0014 38),P20-199,Промплощадка.Отвалы,58° 35.367',115° 12.718',10,9,"2,8",30.10.20,30.10.20,-,4,Гаврилов М.С.,закрыта согласно ТЗ (бурение 5 м по скале)
,34,УРБ-2А2(х034хх 38),P20-211,Промплощадка.Отвалы,58° 36.373',115° 12.928',10,"13,5","8,5",30.10.20,30.10.20,-,6,Фролов Э.А.,закрыта согласно ТЗ (бурение 5 м по скале)
,35,УРБ-2А2(х034хх 38),P20-186,Промплощадка.Отвалы,58° 36.523',115° 12.802',15,14,9,29.10.20,30.10.20,-,5,Фролов Э.А.,закрыта согласно ТЗ (бурение 5 м по скале)
,36,ПБУ 2-318(в053хх 38),P20-242,Промплощадка.Отвалы,58° 36.757',115° 13.014',15,"14,2","9,2",30.10.20,30.10.20,-,4,Копцев Я.Н.,закрыта согласно ТЗ (бурение 5 м по скале)
,37,УРБ-2А2(ав 4157 38),P20-109,Промплощадка.Отвалы,58° 35.836',115° 11.506',15,16,11,29.10.20,30.10.20,-,6,Титов Д.В.,закрыта согласно ТЗ (бурение 5 м по скале)
,44,УРБ-2А2(ав 4157 38),P20-127,Промплощадка.Отвалы,58° 35.650',115° 11.851',10,"7,2","4,7",30.10.20,30.10.20,-,2,Титов Д.В.,с 5.8м прочные скальные грунты. Проходка 10см/2 часа
,38,УРБ-2А2 (ав0014 38),L220-62,ВЛ 220,58° 35.469',115° 13.095',15,"8,3","6,3",31.10.20,31.10.20,-,5,Гаврилов М.С.,закрыта согласно ТЗ (бурение 2 м по скале)
,39,УРБ-2А2(х034хх 38),P20-258,Промплощадка.Отвалы,58° 36.991',115° 13.226',15,13,8,31.10.20,31.10.20,-,4,Фролов Э.А.,закрыта согласно ТЗ (бурение 5 м по скале)
,40,ПБУ 2-318(в053хх 38),P20-131,Промплощадка.Отвалы,58° 36.016',115° 11.863',15,20,не вскрыты,31.10.20,31.10.20,-,5,Копцев Я.Н.,скважина закрыта согласно ТЗ
,41,УРБ-2А2(н474вм 138),P20-169,Промплощадка.Отвалы,58° 35.737',115° 12.380',10,25,5,30.10.20,31.10.20,-,10,Чуев С.С.,прочные скальные грунты не вскрыты
,43,УРБ-2А2(ав 4157 38),P20-129,Промплощадка.Отвалы,58° 35.833',115° 11.857',10,"10,8","5,8",31.10.20,31.10.20,-,3,Титов Д.В.,закрыта согласно ТЗ (бурение 5 м по скале)
,42,УРБ-2А2(н474вм 138),P20-178,Промплощадка.Отвалы,58° 35.827',115° 12.559',10,20,"5,7",01.11.20,01.11.20,-,9,Фролов Д.Л.,прочные скальные грунты не вскрыты
,45,ПБУ 2-318(в053хх 38),P20-121,Промплощадка.Отвалы,58° 36.109',115° 11.691',15,20,не вскрыты,02.11.20,02.11.20,-,7,Ребенок А.П.,скважина закрыта согласно ТЗ
,46,УРБ-2А2(ав 4157 38),P20-195,Промплощадка.Отвалы,58° 35.733',115° 12.731',10,20,не вскрыты,01.11.20,02.11.20,-,3,Титов Д.В.,скважина закрыта согласно ТЗ
,47,УРБ-2А2(н474вм 138),P20-167,Промплощадка.Отвалы,58° 35.920',115° 12.386',10,20,не вскрыты,02.11.20,02.11.20,-,7,Фролов Д.Л.,скважина закрыта согласно ТЗ
,48,УРБ-2А2 (ав0014 38),L220-13,ВЛ 220,58° 35.446',115° 13.389',15,15,не вскрыты,01.11.20,02.11.20,`+,10,Гаврилов М.С.,закрыта согласно ТЗ
,49,УРБ-2А2 (ав0014 38),L220-63,ВЛ 220,58° 35.468',115° 13.373',15,9,4,02.11.20,03.11.20,,4,Гаврилов М.С.,закрыта согласно ТЗ (бурение 2 м по скале)
,50,УРБ-2А2(н474вм 138),P20-143,Промплощадка.Отвалы,58° 35.914',115° 12.035',15,20,не вскрыты,02.11.20,03.11.20,-,7,Фролов Д.Л.,скважина закрыта согласно ТЗ
,60,УРБ-2А2(ав 4157 38),P20-123,Промплощадка.Отвалы,58° 35.926',115° 11.685',10,"12,3","8,8",03.11.20,03.11.20,-,3,Кузьмин И.С.,"Бурение 3,5 м по скале, с 11,0 проходка 10см/2 часа"
,61,УРБ-2А2(ав 4157 38),P20-223,Промплощадка.Отвалы,58° 35.730',115° 13.081',10,20,не вскрыты,02.11.20,03.11.20,-,4,Титов Д.В.,скважина закрыта согласно ТЗ
,51,УРБ-2А2 (ав0014 38),P20-197,Промплощадка.Отвалы,58° 35.550',115° 12.724',10,"16,5","11,3",03.11.20,04.11.20,-,6,Гаврилов М.С.,закрыта согласно ТЗ (бурение 5 м по скале)
,52,УРБ-2А2(ав 4157 38),P20-141,Промплощадка.Отвалы,58° 36.106',115° 12.042',15,20,не вскрыты,04.11.20,04.11.20,-,5,Кузьмин И.С.,скважина закрыта согласно ТЗ
,55,УРБ-2А2(н474вм 138),P20-97,Промплощадка.Отвалы,58° 36.206',115° 11.168',15,20,не вскрыты,03.11.20,04.11.20,-,8,Фролов Д.Л.,скважина закрыта согласно ТЗ
,53,ПБУ 2-318(в053хх 38),L110-6,ВЛ 110,58° 35.690',115° 12.398',10,10,не вскрыты,05.11.20,05.11.20,`+,3,Копцев Я.Н.,скважина закрыта согласно ТЗ
,54,УРБ-2А2(н474вм 138),P20-71,Промплощадка.Отвалы,58° 36.395',115° 10.472',18,20,не вскрыты,05.11.20,05.11.20,-,6,Фролов Д.Л.,скважина закрыта согласно ТЗ
,56,ПБУ 2-318(в053хх 38),L110-1,ВЛ 110,58° 35.525',115° 14.590',10,10,не вскрыты,06.11.20,06.11.20,`+,3,Фролов Э.А.,скважина закрыта согласно ТЗ
,57,ПБУ 2-318(в053хх 38),VIT-28,ВЛ 220,58° 36.018',115° 10.087',20,8,5,07.11.20,07.11.20,-,4,Ребенок А.П.,закрыта согласно ТЗ (бурение 3 м по скале)
,58,УРБ-2А2(н474вм 138),P20-26,Промплощадка.Отвалы,58° 36.135',115° 08.884',15,20,не вскрыты,07.11.20,07.11.20,-,8,Фролов Д.Л.,скважина закрыта согласно ТЗ
,59,УРБ-2А2 (ав0014 38),P20-145,ВЛ 110,58° 35.721',115° 12.029',10,20,19,06.11.20,07.11.20,-,7,Гаврилов М.С.,скважина закрыта согласно ТЗ
,63,УРБ-2А2(ав 4157 38),P20-1,Промплощадка.Отвалы,58° 36.047',115° 08.747',15,"11,2","6,2",07.11.20,07.11.20,-,3,Кузьмин И.С.,закрыта согласно ТЗ (бурение 5 м по скале)
,62,ПБУ 2-318(в053хх 38),VIT-22,ВЛ 220,58° 35.982',115° 10.068',15,10,7,08.11.20,08.11.20,-,4,Ребенок А.П.,закрыта согласно ТЗ (бурение 3 м по скале)
,64,УРБ-2А2(х034хх 38),VIT-34,ВЛ 220,58° 36.055',115° 10.106',20,10,7,07.11.20,09.11.20,-,3,Фролов Э.А.,закрыта согласно ТЗ (бурение 3 м по скале)
,65,УРБ-2А2(н699cн 777),VIT-40,ВЛ 220,58° 36.092',115° 10.126',20,20,"8,4",07.11.20,09.11.20,-,8,Чуев С.С.,скважина закрыта согласно ТЗ
,66,ПБУ 2-318(в053хх 38),L110-3,ВЛ 110,58° 35.591',115° 13.817',10,10,"6,3",09.11.20,09.11.20,`+,4,Ребенок А.П.,скважина закрыта согласно ТЗ
,67,УРБ-2А2(ав 4157 38),P20-85,Промплощадка.Отвалы,58° 36.376',115° 10.823',15,20,не вскрыты,05.11.20,09.11.20,-,4,Кузьмин И.С.,скважина закрыта согласно ТЗ
,68,УРБ-2А2(х034хх 38),VIT-16,ВЛ 220,58° 35.945',115° 10.049',15,5,2,10.11.20,10.11.20,-,2,Фролов Э.А.,закрыта согласно ТЗ (бурение 3 м по скале)
,69,УРБ-2А2 (ав0014 38),P20-105,Промплощадка.Отвалы,58° 35.930',115° 11.334',15,14,9,08.11.20,10.11.20,-,6,Гаврилов М.С.,закрыта согласно ТЗ (бурение 5 м по скале)
,70,УРБ-2А2(н474вм 138),P20-133,Промплощадка.Отвалы,58° 36.199',115° 11.870',10,23,"17,8",08.11.20,10.11.20,-,8,Фролов Д.Л.,закрыта согласно ТЗ (бурение 5 м по скале)
,73,ПБУ 2-318(в053хх 38),P20-224,ВЛ 110,58° 35.638',115° 13.078',10,10,4,11.11.20,11.11.20,`+,3,Ребенок А.П.,закрыта согласно ТЗ (бурение 5 м по скале)
,71,УРБ-2А2(н474вм 138),P20-87,Промплощадка.Отвалы,58° 36.299',115° 10.995',15,17,"11,6",11.11.20,12.11.20,-,6,Фролов Д.Л.,закрыта согласно ТЗ (бурение 5 м по скале)
,72,УРБ-2А2 (ав0014 38),P20-111,Промплощадка.Отвалы,58° 36.019',115° 11.512',15,18,13,11.11.20,13.11.20,-,4,Гаврилов М.С.,закрыта согласно ТЗ (бурение 5 м по скале)
,74,УРБ-2А2(х034хх 38),VIT-42,ВЛ 220,58° 36.075',115° 09.966',20,"9,5","6,5",11.11.20,11.11.20,-,3,Фролов Э.А.,закрыта согласно ТЗ (бурение 3 м по скале)
,75,УРБ-2А2(ав 4157 38),VIT-5,ВЛ 220,58° 35.928',115° 10.305',15,8,5,12.11.20,12.11.20,`+,3,Ребенок А.П.,закрыта согласно ТЗ (бурение 3 м по скале)
,76,УРБ-2А2(х034хх 38),VIT-32,ВЛ 220,58° 36.028',115° 10.017',20,8,5,12.11.20,12.11.20,-,4,Фролов Э.А.,закрыта согласно ТЗ (бурение 3 м по скале)
,77,ПБУ 2-318(в053хх 38),L220-64,ВЛ 220,58° 35.510',115° 13.460',15,10,7,12.11.20,12.11.20,-,4,Кузьмин И.С.,закрыта согласно ТЗ (бурение 2 м по скале)
,78,ПБУ 2-318(в053хх 38),L220-14,ВЛ 220,58° 35.494',115° 13.486',15,10,8,12.11.20,12.11.20,`+,4,Кузьмин И.С.,закрыта согласно ТЗ (бурение 2 м по скале)
,79,ПБУ 2-318(в053хх 38),VIT-17,ВЛ 220,58° 35.958',115° 10.094',15,8,3,13.11.20,13.11.20,`+,2,Кузьмин И.С.,закрыта согласно ТЗ (бурение 3 м по скале)
,80,УРБ-2А2(ав 4157 38),VIT-3,ВЛ 220,58° 35.902',115° 10.215',19,8,"2,2",13.11.20,13.11.20,`+,3,Ребенок А.П.,закрыта согласно ТЗ (бурение 3 м по скале)
,81,УРБ-2А2(ав 4157 38),VIT-4,ВЛ 220,58° 35.915',115° 10.260',15,6,2,13.11.20,13.11.20,-,3,Ребенок А.П.,закрыта согласно ТЗ (бурение 3 м по скале)
,82,УРБ-2А2(х034хх 38),VIT-36,ВЛ 220,58° 36.039',115° 09.946',20,"9,5","6,5",13.11.20,13.11.20,-,3,Фролов Э.А.,закрыта согласно ТЗ (бурение 3 м по скале)
,83,УРБ-2А2(н699cн 777),VIT-30,ВЛ 220,58° 36.045',115° 10.177',20,10,"6,7",13.11.20,13.11.20,-,4,Чуев С.С.,закрыта согласно ТЗ (бурение 3 м по скале)
,84,УРБ-2А2(н699cн 777),VIT-24,ВЛ 220,58° 36.008',115° 10.158',15,5,"1,4",14.11.20,14.11.20,-,3,Чуев С.С.,закрыта согласно ТЗ (бурение 3 м по скале)
,85,УРБ-2А2(х034хх 38),VIT-20,ВЛ 220,58° 35.998',115° 10.228',15,7,4,14.11.20,14.11.20,-,2,Фролов Э.А.,закрыта согласно ТЗ (бурение 3 м по скале)
,86,УРБ-2А2(х034хх 38),VIT-8,ВЛ 220,58° 35.925',115° 10.190',15,5,2,14.11.20,14.11.20,-,2,Фролов Э.А.,закрыта согласно ТЗ (бурение 3 м по скале)
,87,ПБУ 2-318(в053хх 38),VIT-41,ВЛ 220,58° 36.062',115° 09.921',20,10,4,14.11.20,14.11.20,`+,3,Тимофеев Е.А.,закрыта согласно ТЗ (бурение 3 м по скале)
,88,ПБУ 2-318(в053хх 38),VIT-18,ВЛ 220,58° 35.972',115° 10.138',15,8,4,14.11.20,14.11.20,-,3,Тимофеев Е.А.,закрыта согласно ТЗ (бурение 3 м по скале)
,89,УРБ-2А2(н474вм 138),VIT-23,ВЛ 220,58° 35.995',115° 10.113',15,9,"0,2",14.11.20,14.11.20,`+,4,Фролов Д.Л.,закрыта согласно ТЗ (бурение 3 м по скале)
,90,УРБ-2А2(н474вм 138),VIT-12,ВЛ 220,58° 35.935',115° 10.119',15,6,"1,2",14.11.20,14.11.20,-,2,Фролов Д.Л.,закрыта согласно ТЗ (бурение 3 м по скале)
,91,УРБ-2А2 (ав0014 38),L220-57,ВЛ 220,58° 35.474,115° 11.032',15,"6,1","3,8",14.11.20,15.11.20,`+,2,Гаврилов М.С.,закрыта согласно ТЗ (бурение 2 м по скале)
,92,УРБ-2А2(н474вм 138),VIT-13,ВЛ 220,58° 35.948',115° 10.164',15,10,"1,2",15.11.20,15.11.20,`+,2,Фролов Д.Л.,закрыта согласно ТЗ (бурение 3 м по скале)
,93,УРБ-2А2(х034хх 38),VIT-6,ВЛ 220,58° 35.898',115° 10.100',19,7,1,15.11.20,15.11.20,-,2,Фролов Э.А.,закрыта согласно ТЗ (бурение 3 м по скале)
,94,ПБУ 2-318(в053хх 38),VIT-37,ВЛ 220,58° 36.052',115° 09.991',20,10,"6,5",15.11.20,15.11.20,`+,4,Тимофеев Е.А.,закрыта согласно ТЗ (бурение 3 м по скале)
,95,ПБУ 2-318(в053хх 38),VIT-38,ВЛ 220,58° 36.065',115° 10.036',20,10,"6,8",15.11.20,15.11.20,-,4,Тимофеев Е.А.,закрыта согласно ТЗ (бурение 3 м по скале)
,96,УРБ-2А2 (о614ае 797),VIT-44,ВЛ 220,58° 36.102',115° 10.055',20,"8,9","5,9",16.11.20,16.11.20,-,3,Кузьмин И.С.,закрыта согласно ТЗ (бурение 3 м по скале)
,97,ПБУ 2-318(в053хх 38),VIT-33,ВЛ 220,58° 36.042',115° 10.062',20,10,"6,1",16.11.20,16.11.20,`+,4,Тимофеев Е.А.,закрыта согласно ТЗ (бурение 3 м по скале)
,98,УРБ-2А2(х034хх 38),VIT-26,ВЛ 220,58° 35.992',115° 09.998',20,8,5,16.11.20,16.11.20,-,2,Фролов Э.А.,закрыта согласно ТЗ (бурение 3 м по скале)
,99,УРБ-2А2 (ав0014 38),L220-53,ВЛ 220,58° 35.830',115° 09.830',15,10,"3,3",16.11.20,16.11.20,`+,3,Гаврилов М.С.,закрыта согласно ТЗ
,100,УРБ-2А2(н474вм 138),VIT-19,ВЛ 220,58° 35.985',115° 10.183',15,8,"1,3",16.11.20,16.11.20,`+,4,Фролов Д.Л.,закрыта согласно ТЗ (бурение 3 м по скале)
,101,УРБ-2А2(н474вм 138),VIT-10,ВЛ 220,58° 35.952',115° 10.279',15,4,"0,2",16.11.20,16.11.20,-,3,Фролов Д.Л.,закрыта согласно ТЗ (бурение 3 м по скале)
,102,ПБУ 2-318(в053хх 38),VIT-43,ВЛ 220,58° 36.089',115° 10.010',20,10,"6,5",17.11.20,17.11.20,`+,3,Ребенок А.П.,закрыта согласно ТЗ (бурение 3 м по скале)
,103,УРБ-2А2(х034хх 38),VIT-14,ВЛ 220,58° 35.962',115° 10.209',15,7,4,17.11.20,17.11.20,-,2,Фролов Э.А.,закрыта согласно ТЗ (бурение 3 м по скале)
,104,УРБ-2А2(н474вм 138),VIT-45,ВЛ 220,58° 36.115',115° 10.100',20,14,"10,6",17.11.20,22.11.20,`+,5,Фролов Д.Л.,закрыта согласно ТЗ (бурение 3 м по скале)
,105,УРБ-2А2 (ав0014 38),L220-59,ВЛ 220,58° 35.472',115° 11.857',15,10,2,18.11.20,18.11.20,`+,2,Гаврилов М.С.,закрыта согласно ТЗ
,106,УРБ-2А2 (о614ае 797),P20-203,Промплощадка.Отвалы,58° 35.640',115° 12.903',20,16,11,18.11.20,18.11.20,-,4,Кузьмин И.С.,закрыта согласно ТЗ (бурение 5 м по скале)
,107,УРБ-2А2(н474вм 138),VIT-35,ВЛ 220,58° 36.069',115° 10.151',20,8,4,18.11.20,18.11.20,`+,3,Фролов Д.Л.,закрыта согласно ТЗ (бурение 3 м по скале)
,108,УРБ-2А2(н699cн 777),VIT-21,ВЛ 220,58° 35.968',115° 10.023',15,10,"2,6",19.11.20,19.11.20,`+,5,Чуев С.С.,закрыта согласно ТЗ (бурение 3 м по скале)
,109,УРБ-2А2 (о614ае 797),P20-196,Промплощадка.Отвалы,58° 35.642',115° 12.728',20,20,"16,5",19.11.20,19.11.20,`+,4,Кузьмин И.С.,закрыта согласно ТЗ
,110,УРБ-2А2(х034хх 38),P20-225,Промплощадка.Отвалы,58° 35.547',115° 13.075',20,13,5,19.11.20,19.11.20,-,2,Фролов Э.А.,закрыта согласно ТЗ (бурение 5 м по скале)
,111,УРБ-2А2(н474вм 138),VIT-9,ВЛ 220,58° 35.938',115° 10.234',15,10,"1,4",19.11.20,19.11.20,`+,4,Фролов Д.Л.,закрыта согласно ТЗ (бурение 3 м по скале)
,112,УРБ-2А2 (ав0014 38),L220-61,ВЛ 220,58° 35.470',115° 12.682',15,10,6,19.11.20,19.11.20,`+,3,Гаврилов М.С.,закрыта согласно ТЗ (бурение 2 м по скале)
,113,УРБ-2А2 (о614ае 797),VIT-1,ВЛ 220,58° 35.875',115° 10.126',28,16,"0,1",20.11.20,20.11.20,`+,2,Кузьмин И.С.,закрыта согласно ТЗ
,114,УРБ-2А2(н474вм 138),VIT-15,ВЛ 220,58° 35.975',115° 10.254',15,10,"5,6",20.11.20,21.11.20,`+,4,Фролов Д.Л.,закрыта согласно ТЗ (бурение 3 м по скале)
,115,УРБ-2А2(н699cн 777),VIT-7,ВЛ 220,58° 35.912',115° 10.145',15,10,"1,8",20.11.20,20.11.20,`+,4,Чуев С.С.,закрыта согласно ТЗ (бурение 3 м по скале)
,116,УРБ-2А2 (ав0014 38),P20-170,Промплощадка.Отвалы,58° 35.645',115° 12.377',10,10,5,20.11.20,20.11.20,`+,3,Гаврилов М.С.,закрыта согласно ТЗ (бурение 5 м по скале)
,117,УРБ-2А2(х034хх 38),P20-202,Промплощадка.Отвалы,58° 35.549',115° 12.900',10,20,не вскрыты,20.11.20,20.11.20,`+,3,Фролов Э.А.,закрыта согласно ТЗ
,118,ПБУ 2-318(в053хх 38),VIT-29,ВЛ 220,58° 36.032',115° 10.132',20,8,4,20.11.20,20.11.20,`+,2,Ребенок А.П.,закрыта согласно ТЗ (бурение 3 м по скале)
,119,ПБУ 2-318(в053хх 38),VIT-39,ВЛ 220,58° 36.079',115° 10.081',20,10,"6,6",20.11.20,20.11.20,`+,3,Ребенок А.П.,закрыта согласно ТЗ (бурение 3 м по скале)
,120,УРБ-2А2(н699cн 777),VIT-27,ВЛ 220,58° 36.005',115° 10.042',20,10,"4,5",21.11.20,21.11.20,`+,5,Чуев С.С.,закрыта согласно ТЗ (бурение 3 м по скале)
,121,УРБ-2А2 (о614ае 797),VIT-2,ВЛ 220,58° 35.888',115° 10.170',24,12,2,21.11.20,21.11.20,-,3,Кузьмин И.С.,закрыта согласно ТЗ
,122,УРБ-2А2(х034хх 38),VIT-25,ВЛ 220,58° 36.022',115° 10.202',15,8,3,21.11.20,21.11.20,`+,2,Фролов Э.А.,закрыта согласно ТЗ (бурение 3 м по скале)
,123,УРБ-2А2 (ав0014 38),P20-177,Промплощадка.Отвалы,58° 35.735',115° 12.555',10,17,12,21.11.20,21.11.20,`+,4,Гаврилов М.С.,закрыта согласно ТЗ (бурение 5 м по скале)
,124,УРБ-2А2 (ав0014 38),P20-194,Промплощадка.Отвалы,58° 35.825',115° 12.734',10,30,не вскрыты,22.11.20,25.11.20,`+,6,Гаврилов М.С.,
,125,УРБ-2А2(н474вм 138),P20-53,Промплощадка.Отвалы,58° 36.215',115° 10.115,18,16,"10,4",22.11.20,23.11.20,-,5,Фролов Д.Л.,закрыта согласно ТЗ (бурение 5 м по скале)
,126,УРБ-2А2(ав 4157 38),VU20-68,Водопровод,58° 35.768',115° 10.130',7,3,0.9,22.11.20,22.11.20,-,2,Тимофеев Е.А.,закрыта согласно ТЗ (бурение 2 м по скале)
,127,УРБ-2А2(х034хх 38),VIT-11,ВЛ 220,58° 35.922',115° 10.074',15,10,2,22.11.20,22.11.20,`+,2,Фролов Э.А.,закрыта согласно ТЗ
,128,ПБУ 2-318(в053хх 38),P20-36,Промплощадка.Отвалы,58° 36.036',115° 09.758',15,15,9.5,22.11.20,22.11.20,-,3,Ребенок А.П.,закрыта согласно ТЗ (бурение 5 м по скале)
,129,УРБ-2А2 (о614ае 797),L220-52,ВЛ 220,58° 35.848',115° 09.832',15,"4,5","2,5",22.11.20,22.11.20,-,2,Кузьмин И.С.,закрыта согласно ТЗ (бурение 2 м по скале)
,130,УРБ-2А2 (о614ае 797),L220-71,ВЛ 220,58° 35.847',115° 09.797',15,"10,5","8,5",22.11.20,22.11.20,-,3,Кузьмин И.С.,закрыта согласно ТЗ (бурение 2 м по скале)
,131,УРБ-2А2(н699cн 777),VIT-31,ВЛ 220,58° 36.015',115° 09.972',20,11,"7,4",22.11.20,22.11.20,`+,4,Чуев С.С.,закрыта согласно ТЗ (бурение 3 м по скале)
,132,УРБ-2А2(х034хх 38),L220-1,ВЛ 220,58° 35.876',115° 09.774',15,10,6,23.11.20,23.11.20,`+,2,Фролов Э.А.,закрыта согласно ТЗ
,133,УРБ-2А2(х034хх 38),L220-2,ВЛ 220,58° 35.853',115° 09.766',15,6,4,23.11.20,23.11.20,-,2,Фролов Э.А.,закрыта согласно ТЗ (бурение 2 м по скале)
,134,УРБ-2А2(ав 4157 38),L220-4,ВЛ 220,58° 35.721',115° 10.008',15,10,"5,9",23.11.20,23.11.20,`+,3,Тимофеев Е.А.,закрыта согласно ТЗ
,135,ПБУ 2-318(в053хх 38),P20-35,Промплощадка.Отвалы,58° 35.944',115° 09.755',15,15,"10,5",23.11.20,23.11.20,`+,3,Ребенок А.П.,закрыта согласно ТЗ
,136,УРБ-2А2(н699cн 777),P20-66,Промплощадка.Отвалы,58° 35.938',115° 10.457',15,10,"2,8",23.11.20,23.11.20,`+,4,Чуев С.С.,закрыта согласно ТЗ
,137,УРБ-2А2(н474вм 138),P20-76,Промплощадка.Отвалы,58° 36.028',115° 10.635',15,26,21,24.11.20,25.11.20,`+,7,Фролов Д.Л.,закрыта согласно ТЗ (бурение 5 м по скале)
,138,УРБ-2А2(х034хх 38),L220-70,ВЛ 220,58° 35.862',115° 09.820',15,10,1,24.11.20,24.11.20,`+,1,Фролов Э.А.,закрыта согласно ТЗ
,139,УРБ-2А2(х034хх 38),L220-3,ВЛ 220,58° 35.826',115° 09.773',15,10,6,24.11.20,24.11.20,`+,2,Фролов Э.А.,закрыта согласно ТЗ
,140,УРБ-2А2(н699cн 777),P20-75,Промплощадка.Отвалы,58° 36.119',115° 10.638',15,18,"12,5",24.11.20,24.11.20,-,7,Чуев С.С.,закрыта согласно ТЗ (бурение 5 м по скале)
,141,УРБ-2А2(ав 4157 38),VU20-70,Водопровод,58° 35.729',115° 10.535',7,5,3,24.11.20,24.11.20,-,2,Тимофеев Е.А.,закрыта согласно ТЗ (бурение 2 м по скале)
,142,УРБ-2А2(ав 4157 38),VU20-69,Водопровод,58° 35.753',115° 10.334',10,8,"2,3",24.11.20,24.11.20,`+,2,Тимофеев Е.А.,закрыта согласно ТЗ (бурение 2 м по скале)
,143,ПБУ 2-318(в053хх 38),P20-31,Промплощадка.Отвалы,58° 36.037',115° 09.583',15,13,8,24.11.20,24.11.20,`+,4,Ребенок А.П.,закрыта согласно ТЗ (бурение 5 м по скале)
,144,УРБ-2А2(х034хх 38),P20-84,Промплощадка.Отвалы,58° 36.301',115° 10.820',15,16,11,25.11.20,25.11.20,`+,3,Фролов Э.А.,закрыта согласно ТЗ (бурение 5 м по скале)
,145,ПБУ 2-318(в053хх 38),P20-61,Промплощадка.Отвалы,58° 36.122',115° 10.288',15,10,5,25.11.20,25.11.20,-,2,Кузьмин И.С.,закрыта согласно ТЗ (бурение 5 м по скале)
,146,ПБУ 2-318(в053хх 38),P20-82,Промплощадка.Отвалы,58° 36.117',115° 10.814',15,10,4,25.11.20,25.11.20,`+,2,Кузьмин И.С.,закрыта согласно ТЗ (бурение 5 м по скале)
,147,УРБ-2А2(н699cн 777),P20-74,Промплощадка.Отвалы,58° 36.211',115° 10.642',15,27,"21,5",25.11.20,25.11.20,`+,10,Чуев С.С.,закрыта согласно ТЗ (бурение 5 м по скале)
,148,УРБ-2А2(ав 4157 38),VU20-71,Водопровод,58° 35.700',115° 10.733',10,10,"1,3",25.11.20,25.11.20,`+,2,Тимофеев Е.А.,закрыта согласно ТЗ
,149,УРБ-2А2(ав 4157 38),VU20-72,Водопровод,58° 35.658',115° 10.924',7,"3,4","1,2",25.11.20,25.11.20,-,2,Тимофеев Е.А.,закрыта согласно ТЗ (бурение 2 м по скале)
,150,УРБ-2А2 (ав0014 38),P20-204,Промплощадка.Отвалы,58° 35.732',115° 12.906',10,20,не вскрыты,26.11.20,27.11.20,`+,4,Гаврилов М.С.,закрыта согласно ТЗ
,151,УРБ-2А2(н474вм 138),P20-80,Промплощадка.Отвалы,,,15,2,,26.11.20,добур.,,,Фролов Д.Л.,
,152,УРБ-2А2(ав 4157 38),P20-43,Промплощадка.Отвалы,58° 36.309',115° 09.943',18,30,29,26.11.20,27.11.20,-,9,Тимофеев Е.А.,закрыта согласно ТЗ
,153,УРБ-2А2(х034хх 38),P20-86,Промплощадка.Отвалы,58° 36.358',115° 10.998',10,13,8,26.11.20,26.11.20,`+,3,Фролов Э.А.,закрыта согласно ТЗ (бурение 5 м по скале)
,154,ПБУ 2-318(в053хх 38),P20-78,Промплощадка.Отвалы,58° 35.844',115° 10.629',15,10,"4,3",26.11.20,26.11.20,`+,3,Кузьмин И.С.,закрыта согласно ТЗ (бурение 5 м по скале)
,155,ПБУ 2-318(в053хх 38),P20-64,Промплощадка.Отвалы,58° 35.848',115° 10.278',15,10,3,26.11.20,26.11.20,`+,2,Кузьмин И.С.,закрыта согласно ТЗ (бурение 5 м по скале)
,156,УРБ-2А2(н699cн 777),P20-69,Промплощадка.Отвалы,58° 36.212',115° 10.466',15,14,"8,2",26.11.20,26.11.20,-,5,Чуев С.С.,закрыта согласно ТЗ (бурение 5 м по скале)
,157,УРБ-2А2(н474вм 138),P20-81,Промплощадка.Отвалы,58° 36.026',115° 10.811',15,9,"3,7",25.11.20,25.11.20,-,3,Фролов Д.Л.,закрыта согласно ТЗ (бурение 5 м по скале)
,158,УРБ-2А2(х034хх 38),P20-58,Промплощадка.Отвалы,58° 36.452',115° 10.297',18,20,15,27.11.20,27.11.20,`+,4,Фролов Э.А.,закрыта согласно ТЗ (бурение 5 м по скале)
,159,ПБУ 2-318(в053хх 38),P20-59,Промплощадка.Отвалы,58° 36.305',115° 10.294',18,14,"8,2",27.11.20,27.11.20,-,5,Чуев С.С.,закрыта согласно ТЗ (бурение 5 м по скале)
,160,УРБ-2А2 (о614ае 797),P20-72,Промплощадка.Отвалы,58° 36.394',115° 10.648',10,"12,8","7,8",27.11.20,27.11.20,`+,3,Кузьмин И.С.,закрыта согласно ТЗ (бурение 5 м по скале)
,161,УРБ-2А2(н474вм 138),P20-41,Промплощадка.Отвалы,58° 36.452',115° 09.948',18,20,не вскрыты,27.11.20,28.11.20,-,5,Фролов Д.Л.,закрыта согласно ТЗ 
,162,УРБ-2А2 (ав0014 38),P20-208,Промплощадка.Отвалы,58° 36.098',115° 12.919',10,10,5,28.11.20,28.11.20,`+,3,Гаврилов М.С.,закрыта согласно ТЗ (бурение 5 м по скале)
,163,УРБ-2А2(х034хх 38),P20-102,Промплощадка.Отвалы,58° 36.204',115° 11.343',15,30,не вскрыты,28.11.20,28.11.20,`+,4,Фролов Э.А.,закрыта согласно ТЗ 
,164,УРБ-2А2 (о614ае 797),P20-120,Промплощадка.Отвалы,58° 36.201',115° 11.694',15,26,21,28.11.20,29.11.20,`+,5,Кузьмин И.С.,закрыта согласно ТЗ (бурение 5 м по скале)
,165,УРБ-2А2(ав 4157 38),P20-39,Промплощадка.Отвалы,58° 36.310',115° 09.768',18,30,не вскрыты,28.11.20,29.11.20,`+,11,Тимофеев Е.А.,закрыта согласно ТЗ 
,166,УРБ-2А2(н474вм 138),P20-42,Промплощадка.Отвалы,58° 36.400',115° 09.946',18,20,не вскрыты,28.11.20,29.11.20,`+,5,Фролов Д.Л.,закрыта согласно ТЗ 
,167,ПБУ 2-318(в053хх 38),P20-112,Промплощадка.Отвалы,58° 36.111',115° 11.516',15,30,не вскрыты,28.11.20,28.11.20,`+,11,Чуев С.С.,закрыта согласно ТЗ 
,168,УРБ-2А2(х034хх 38),L220-101,ВЛ 220,58° 35.535',115° 13.391',15,15,не вскрыты,29.11.20,29.11.20,-,2,Фролов Э.А.,закрыта согласно ТЗ 
,169,УРБ-2А2(х034хх 38),L220-104,ВЛ 220,58° 35.511',115° 13.428',15,10,7,29.11.20,29.11.20,`+,3,Фролов Э.А.,закрыта согласно ТЗ (бурение 2 м по скале)
,170,УРБ-2А2 (ав0014 38),P20-219,Промплощадка.Отвалы,58° 36.096',115° 13.094',10,10,2,29.11.20,29.11.20,`+,2,Гаврилов М.С.,закрыта согласно ТЗ (бурение 2 м по скале)
,171,ПБУ 2-318(в053хх 38),L220-103,ВЛ 220,58° 35.495',115° 13.376',15,15,2,29.11.20,29.11.20,-,5,Чуев С.С.,закрыта согласно ТЗ (бурение 2 м по скале)
,172,ПБУ 2-318(в053хх 38),L220-102,ВЛ 220,58° 35.511',115° 13.354',15,15,3,29.11.20,29.11.20,`+,4,Чуев С.С.,закрыта согласно ТЗ (бурение 2 м по скале)
,173,ПБУ 2-318(в053хх 38),P20-104,Промплощадка.Отвалы,58° 36.021',115° 11.337',15,20,не вскрыты,30.11.20,30.11.20,`+,4,Чуев С.С.,закрыта согласно ТЗ 
,174,ПБУ 2-318(в053хх 38),P20-106,Промплощадка.Отвалы,58° 35.838' ,115° 11.331',15,10,"3,8",30.11.20,30.11.20,`+,3,Чуев С.С.,закрыта согласно ТЗ (бурение 5 м по скале)
,175,УРБ-2А2 (ав0014 38),P20-181,Промплощадка.Отвалы,58° 36.101',115° 12.568',15,17,12,30.11.20,01.12.20,`+,5,Гаврилов М.С.,закрыта согласно ТЗ (бурение 5 м по скале)
,176,УРБ-2А2(х034хх 38),P20-98,Промплощадка.Отвалы,58° 36.297',115° 11.171',15,20,не вскрыты,30.11.20,30.11.20,`+,3,Фролов Э.А.,закрыта согласно ТЗ 
,177,УРБ-2А2(ав 4157 38),P20-37,Промплощадка.Отвалы,58° 36.127',115° 09.761',15,30,не вскрыты,30.11.20,30.11.20,`+,8,Тимофеев Е.А.,закрыта согласно ТЗ 
,178,УРБ-2А2(н474вм 138),P20-56,Промплощадка.Отвалы,58° 36.454',115° 10.123',18,20,не вскрыты,29.11.20,30.11.20,`+,6,Фролов Д.Л.,закрыта согласно ТЗ 
,179,УРБ-2А2(н474вм 138),P20-57,Промплощадка.Отвалы,58° 36.447,115° 10.299',18,20,не вскрыты,30.11.20,30.11.20,-,7,Фролов Д.Л.,закрыта согласно ТЗ 
,180,ПБУ 2-318(в053хх 38),L220-105,ВЛ 220,58° 35.845',115° 09.738',15,15,не вскрыты,01.12.20,05.12.20,`+,4,Чуев С.С.,закрыта согласно ТЗ 
,181,УРБ-2А2(н474вм 138),P20-134,Промплощадка.Отвалы,58° 36.288',115° 11.872',10,30,"27,8",01.12.20,03.12.20,`+,11,Фролов Д.Л.,закрыта согласно ТЗ 
,182,УРБ-2А2(х034хх 38),P20-114,Промплощадка.Отвалы,58° 36.280',115° 11.521',10,30,не вскрыты,01.12.20,02.12.20,`+,9,Фролов Э.А.,закрыта согласно ТЗ 
,183,УРБ-2А2 (ав0014 38),P20-190,Промплощадка.Отвалы,58° 36.191',115° 12.747',10,10,4,01.12.20,02.12.20,`+,6,Гаврилов М.С.,закрыта согласно ТЗ (бурение 5 м по скале)
,184,ПБУ 2-318(в053хх 38),OU-31,"Отвал ""Южный""",58° 35.547,115° 14.424',15,21,16,01.12.20,05.12.20,`+,6,Ребенок А.П.,закрыта согласно ТЗ (бурение 5 м по скале)
,185,УРБ-2А2(ав 4157 38),P20-142,Промплощадка.Отвалы,58° 36.015' ,115° 12.039',15,20,не вскрыты,01.12.20,01.12.20,`+,8,Тимофеев Е.А.,закрыта согласно ТЗ 
,186,УРБ-2А2 (о614ае 797),L220-51,ВЛ 220,58° 35.868',115° 09.876',15,15,не вскрыты,02.12.20,02.12.20,`+,5,Чуев С.С.,закрыта согласно ТЗ 
,187,УРБ-2А2(ав 4157 38),L220-6,ВЛ 220,58° 35.455',115° 10.600',15,"6,8","4,7",02.12.20,02.12.20,`+,3,Тимофеев Е.А.,закрыта согласно ТЗ (бурение 2 м по скале)
,188,УРБ-2А2(ав 4157 38),L220-55,ВЛ 220,58° 35.583',115° 10.377',15,"5,5","3,5",02.12.20,02.12.20,`+,3,Тимофеев Е.А.,закрыта согласно ТЗ (бурение 2 м по скале)
,189,УРБ-2А2(н474вм 138),P20-188,Промплощадка.Отвалы,58° 36.374',115° 12.753',10,10,"2,2",03.12.20,03.12.20,`+,6,Фролов Д.Л.,закрыта согласно ТЗ (бурение 5 м по скале)
,190,УРБ-2А2(х034хх 38),P20-122,Промплощадка.Отвалы,58° 36.018',115° 11.688',15,20,не вскрыты,03.12.20,03.12.20,`+,6,Фролов Э.А.,закрыта согласно ТЗ 
,191,УРБ-2А2(ав 4157 38),VU20-74,Водопровод,58° 35.576',115° 11.305',7,5,3,03.12.20,03.12.20,-,2,Тимофеев Е.А.,закрыта согласно ТЗ (бурение 2 м по скале)
,192,УРБ-2А2(х034хх 38),P20-130,Промплощадка.Отвалы,58° 35.925,115° 11.860',15,15,10,04.12.20,04.12.20,`+,5,Фролов Э.А.,закрыта согласно ТЗ (бурение 5 м по скале)
,193,УРБ-2А2(н474вм 138),P20-232,Промплощадка.Отвалы,58° 36.584',115° 13.132',10,6,"0,4",04.12.20,04.12.20,-,3,Фролов Д.Л.,закрыта согласно ТЗ (бурение 5 м по скале)
,194,УРБ-2А2(н474вм 138),P20-213,Промплощадка.Отвалы,58° 36.504',115° 13.122',10,6,"0,5",04.12.20,04.12.20,-,3,Фролов Д.Л.,закрыта согласно ТЗ (бурение 5 м по скале)
,195,УРБ-2А2(н474вм 138),P20-156,Промплощадка.Отвалы,58° 36.105',115° 12.217',15,20,не вскрыты,05.12.20,05.12.20,`+,6,Фролов Д.Л.,закрыта согласно ТЗ 
,196,УРБ-2А2(н699cн 777),P20-214,Промплощадка.Отвалы,58° 36.371',115° 13.104',10,10,"1,2",05.12.20,05.12.20,`+,4,Чуев С.С.,закрыта согласно ТЗ (бурение 5 м по скале)
,197,УРБ-2А2(ав 4157 38),P20-175,Промплощадка.Отвалы,58° 35.552',115° 12.549',10,14,9,05.12.20,05.12.20,`+,5,Тимофеев Е.А.,закрыта согласно ТЗ (бурение 5 м по скале)
,198,УРБ-2А2(ав 4157 38),P20-200,Промплощадка.Отвалы,58° 35.365',115° 12.893',10,10,4,05.12.20,05.12.20,`+,3,Тимофеев Е.А.,закрыта согласно ТЗ (бурение 5 м по скале)
,199,УРБ-2А2(у727aт 96),P20-179,Промплощадка.Отвалы,58° 35.918',115° 12.562',10,20,не вскрыты,05.12.20,05.12.20,`+,5,Гаврилов М.С.,закрыта согласно ТЗ 
,200,УРБ-2А2(х034хх 38),P20-23,Промплощадка.Отвалы,58° 36.039',115° 09.408',15,21,16,05.12.20,05.12.20,`+,5,Фролов Э.А.,закрыта согласно ТЗ (бурение 5 м по скале)
,201,УРБ-2А2(ав 4157 38),VU20-79,Водопровод,58° 35.530',115° 11.662',10,8,"1,9",06.12.20,06.12.20,`+,3,Тимофеев Е.А.,закрыта согласно ТЗ (бурение 2 м по скале)
,202,УРБ-2А2(ав 4157 38),L220-10,ВЛ 220,58° 35.451,115° 12.251',15,8,"4,4",06.12.20,06.12.20,`+,2,Тимофеев Е.А.,закрыта согласно ТЗ (бурение 2 м по скале)
,203,ПБУ 2-318(в053хх 38),P20-18,Промплощадка.Отвалы,58° 36.223',115° 09.238',15,16,"10,5",06.12.20,06.12.20,`+,3,Ребенок А.П.,закрыта согласно ТЗ (бурение 5 м по скале)
,204,УРБ-2А2(х034хх 38),P20-10,Промплощадка.Отвалы,58° 36.042',115° 09.057',15,30,не вскрыты,06.12.20,06.12.20,-,8,Фролов Э.А.,закрыта согласно ТЗ 
,205,УРБ-2А2 (о614ае 797),P20-20,Промплощадка.Отвалы,58° 36.040',115° 09.232',15,15,10,06.12.20,07.12.20,`+,3,Фролов Э.А.,закрыта согласно ТЗ (бурение 5 м по скале)
,206,УРБ-2А2(ав 4157 38),L220-8,ВЛ 220,58° 35.453',115° 11.425',15,8,"3,7",06.12.20,07.12.20,`+,3,Тимофеев Е.А.,закрыта согласно ТЗ (бурение 5 м по скале)
,207,УРБ-2А2(н699cн 777),P20-44,Промплощадка.Отвалы,58° 36.216',115° 09.937',18,12,7,06.12.20,06.12.20,`+,4,Чуев С.С.,закрыта согласно ТЗ (бурение 5 м по скале)
,208,УРБ-2А2(ав 4157 38),P20-150,Промплощадка.Отвалы,58° 35.555',115° 12.198',10,10,3,06.12.20,07.12.20,`+,3,Фролов Д.Л.,закрыта согласно ТЗ (бурение 5 м по скале)
,209,УРБ-2А2(ав 4157 38),P20-14,Промплощадка.Отвалы,58° 36.408',115° 09.069',15,30,не вскрыты,07.12.20,07.12.20,-,11,Тимофеев Е.А.,закрыта согласно ТЗ 
,210,УРБ-2А2(х034хх 38),P20-11,Промплощадка.Отвалы,58° 36.133',115° 09.060',15,15,10,07.12.20,07.12.20,`+,5,Фролов Э.А.,закрыта согласно ТЗ (бурение 5 м по скале)
,211,УРБ-2А2 (ав0014 38),P20-228,Промплощадка.Отвалы,58° 36.298',115° 13.277',10,10,3,07.12.20,07.12.20,`+,3,Гаврилов М.С.,закрыта согласно ТЗ (бурение 5 м по скале)
,212,УРБ-2А2 (ав0014 38),P20-229,Промплощадка.Отвалы,58° 36.235',115° 13.472',10,8,3,07.12.20,07.12.20,-,2,Гаврилов М.С.,закрыта согласно ТЗ (бурение 5 м по скале)
,213,УРБ-2А2 (ав0014 38),P20-230,Промплощадка.Отвалы,58° 36.367',115° 13.455',10,10,2,08.12.20,08.12.20,`+,3,Гаврилов М.С.,закрыта согласно ТЗ (бурение 5 м по скале)
,214,УРБ-2А2(х034хх 38),P20-23/1,Промплощадка.Отвалы,58° 36.130',115° 09.411',15,15,10,08.12.20,08.12.20,`+,3,Фролов Э.А.,закрыта согласно ТЗ (бурение 5 м по скале)
,215,УРБ-2А2(ав 4157 38),P20-4,Промплощадка.Отвалы,58° 36.318',115° 08.890',15,20,не вскрыты,08.12.20,08.12.20,`+,6,Фролов Д.Л.,закрыта согласно ТЗ 
,216,УРБ-2А2(н699cн 777),P20-45,Промплощадка.Отвалы,58° 36.126' ,115° 09.937',18,25,"19,8",08.12.20,08.12.20,-,7,Чуев С.С.,закрыта согласно ТЗ (бурение 5 м по скале)
,217,ПБУ 2-318(в053хх 38),P20-27,Промплощадка.Отвалы,58° 36.403',115° 09.595',15,27,22,08.12.20,10.12.20,`+,9,Ребенок А.П.,закрыта согласно ТЗ (бурение 5 м по скале)
,218,УРБ-2А2(н699cн 777),P20-5,Промплощадка.Отвалы,58° 36.227',115° 08.887',15,19,"13,3",09.12.20,09.12.20,`+,6,Чуев С.С.,закрыта согласно ТЗ (бурение 5 м по скале)
,219,УРБ-2А2(х034хх 38),P20-187,Промплощадка.Отвалы,58° 36.466',115° 12.756',15,21,16,09.12.20,09.12.20,-,6,Кузнецов А.А.,закрыта согласно ТЗ (бурение 5 м по скале)
,220,УРБ-2А2(х034хх 38),P20-252,Промплощадка.Отвалы,58° 36.812',115° 12.789',15,25,20,10.12.20,10.12.20,-,7,Фролов Э.А.,закрыта согласно ТЗ (бурение 5 м по скале)
,221,УРБ-2А2 (ав0014 38),P20-231,Промплощадка.Отвалы,58° 36.553',115° 12.967',15,10,5,10.12.20,10.12.20,`+,3,Гаврилов М.С.,закрыта согласно ТЗ (бурение 5 м по скале)
,222,ПБУ 2-318(в053хх 38),P20-25,Промплощадка.Отвалы,58° 36.483',115° 09.409',15,20,не вскрыты,10.12.20,10.12.20,`+,6,Ребенок А.П.,закрыта согласно ТЗ 
,223,УРБ-2А2(ав 4157 38),P20-8,Промплощадка.Отвалы,58° 35.945',115° 08.881',15,20,не вскрыты,10.12.20,10.12.20,-,7,Тимофеев Е.А.,закрыта согласно ТЗ 
,224,УРБ-2А2(н474вм 138),P20-255,Промплощадка.Отвалы,58° 36.898',115° 12.730',15,30,,10.12.20,11.12.20,`+,10,Фролов Д.Л.,закрыта согласно ТЗ 
,225,УРБ-2А2(н699cн 777),P20-12,Промплощадка.Отвалы,58° 36.225',115° 09.063',15,15,"9,8",10.12.20,10.12.20,-,4,Чуев С.С.,закрыта согласно ТЗ (бурение 5 м по скале)
,226,УРБ-2А2(н699cн 777),P20-239,Промплощадка.Отвалы,58° 36.671',115° 13.073',10,10,"2,2",11.12.20,11.12.20,`+,4,Чуев С.С.,закрыта согласно ТЗ (бурение 5 м по скале)
,227,УРБ-2А2(н474вм 138),P20-261,Промплощадка.Отвалы,58° 37.015',115° 12.836',20,30,не вскрыты,13.12.20,16.12.20,`+,11,Фролов Д.Л.,закрыта согласно ТЗ 
,228,ПБУ 2-318(в053хх 38),P20-251,Промплощадка.Отвалы,58° 36.843',115° 12.955',15,19,14,16.12.20,16.12.20,`+,7,Ребенок А.П.,закрыта согласно ТЗ (бурение 5 м по скале)
,229,УРБ-2А2(х034хх 38),P20-257,Промплощадка.Отвалы,58° 36.960',115° 13.061',15,"15,1","10,1",16.12.20,16.12.20,`+,6,Фролов Э.А.,закрыта согласно ТЗ (бурение 5 м по скале)
,230,УРБ-2А2 (о614ае 797),P20-238,Промплощадка.Отвалы,58° 36.701',115° 13.238',10,13,"7,6",16.12.20,16.12.20,-,3,Гаврилов М.С.,закрыта согласно ТЗ (бурение 5 м по скале)
,231,УРБ-2А2(ав 4157 38),P20-33,Промплощадка.Отвалы,58° 35.889' ,115° 09.578',15,19,14,16.12.20,16.12.20,`+,7,Тимофеев Е.А.,закрыта согласно ТЗ (бурение 5 м по скале)
,232,УРБ-2А2(ав 4157 38),P20-128,Промплощадка.Отвалы,58° 35.729' ,115° 11.853' ,10,16,11,17.12.20,17.12.20,`+,5,Тимофеев Е.А.,закрыта согласно ТЗ (бурение 5 м по скале)
,233,УРБ-2А2(ав 4157 38),P20-92,Промплощадка.Отвалы,58° 35.841',115° 10.980',15,10,5.2,16.12.20,16.12.20,`+,4,Кузнецов А.А.,закрыта согласно ТЗ (бурение 5 м по скале)
,234,УРБ-2А2 (о614ае 797),P20-240,Промплощадка.Отвалы,58° 36.640',115° 12.908',9,10,3,17.12.20,17.12.20,`+,3,Гаврилов М.С.,закрыта согласно ТЗ (бурение 5 м по скале)
,235,УРБ-2А2(н474вм 138),P20-253,Промплощадка.Отвалы,58° 36.803',115° 12.654',15,30,24.8,17.12.20,20.12.20,`+,11,Фролов Д.Л.,закрыта согласно ТЗ (бурение 5 м по скале)
,236,УРБ-2А2(ав 4157 38),P20-144,Промплощадка.Отвалы,58° 35.815',115° 12.032',10,10,5.3,17.12.20,17.12.20,`+,4,Кузнецов А.А.,закрыта согласно ТЗ (бурение 5 м по скале)
,237,УРБ-2А2(ав 4157 38),P20-94,Промплощадка.Отвалы,58° 35.931',115° 11.159',15,10,4,18.12.20,18.12.20,`+,4,Кузнецов А.А.,закрыта согласно ТЗ (бурение 5 м по скале)
,238,УРБ-2А2(х034хх 38),P20-236,Промплощадка.Отвалы,58° 36.763',115° 13.568',10,14,9,18.12.20,18.12.20,`+,4,Чуев С.С.,закрыта согласно ТЗ (бурение 5 м по скале)
,239,УРБ-2А2(ав 4157 38),P20-152,Промплощадка.Отвалы,58° 35.738',115° 12.205',10,20,15,18.12.20,18.12.20,`+,8,Фролов Э.А.,закрыта согласно ТЗ (бурение 5 м по скале)
,240,УРБ-2А2 (о614ае 797),L220-12,ВЛ 220,58° 35.449',115° 13.076',15,10,1.3,18.12.20,18.12.20,`+,4,Гаврилов М.С.,закрыта согласно ТЗ (бурение 5 м по скале)
,241,УРБ-2А2(х034хх 38),P20-249,Промплощадка.Отвалы,58° 36.905',115° 13.285',15,14,9,19.12.20,19.12.20,`+,6,Фролов Э.А.,закрыта согласно ТЗ (бурение 5 м по скале)
,242,ПБУ 2-318(в053хх 38),P20-237,Промплощадка.Отвалы,58° 36.732' ,115° 13.403',10,14,8.5,19.12.20,19.12.20,`+,4,Ребенок А.П.,закрыта согласно ТЗ (бурение 5 м по скале)
,243,УРБ-2А2(х034хх 38),P20-247,Промплощадка.Отвалы,58° 36.966',115° 13.615',15,14,9.0,20.12.20,20.12.20,`+,5,Семенов Д.А.,закрыта согласно ТЗ (бурение 5 м по скале)
,244,ПБУ 2-318(в053хх 38),P20-244,Промплощадка.Отвалы,58° 36.818',115° 13.344',15,17,12,20.12.20,20.12.20,`+,5,Тимофеев Е.А.,закрыта согласно ТЗ (бурение 5 м по скале)
,245,УРБ-2А2 (о614ае 797),P20-235,Промплощадка.Отвалы,58° 36.677',115° 13.628',10,11,6,20.12.20,20.12.20,`+,4,Яппаров А.Р.,закрыта согласно ТЗ (бурение 5 м по скале)
,246,УРБ-2А2 (о614ае 797),P20-161,Промплощадка.Отвалы,58° 36.469',115° 12.405',15,5,0,21.12.20,21.12.20,-,2,Яппаров А.Р.,закрыта согласно ТЗ (бурение 5 м по скале)
,247,УРБ-2А2 (о614ае 797),P20-162,Промплощадка.Отвалы,58° 36.378',115° 12.402',10,10,2.5,21.12.20,21.12.20,`+,4,Яппаров А.Р.,закрыта согласно ТЗ (бурение 5 м по скале)
,248,УРБ-2А2(н474вм 138),P20-164,Промплощадка.Отвалы,58° 36.194',115° 12.396',10,20,не вскрыты ,21.12.20,21.12.20,`+,6,Фролов Д.Л.,закрыта согласно ТЗ 
,249,УРБ-2А2(н474вм 138),P20-73,Промплощадка.Отвалы,58° 36.306',115° 10.641',15,15,10,21.12.20,21.12.20,-,5,Кузнецов А.А.,закрыта согласно ТЗ (бурение 5 м по скале)
,250,УРБ-2А2 (о614ае 797),P20-16,Промплощадка.Отвалы,58° 36.406',115° 09.244',15,25,20,23.12.20,24.12.20,`+,8,Яппаров А.Р.,закрыта согласно ТЗ (бурение 5 м по скале)
,251,УРБ-2А2 (о614ае 797),V20-4,Вахтовый поселок,58° 34.612',115° 14.380',10,8,3,29.12.20,29.12.20,`+,2,Семенов Д.А.,закрыта согласно ТЗ (бурение 5 м по скале)
,252,LM - 75,P20-60,Промплощадка.Отвалы,58° 36.214',115° 10.291',30,"13,5",8.4,28.12.20,30.12.20,`+,2,Кочетков Р.В.,закрыта согласно ТЗ (бурение 5 м по скале)
,253,LM - 75,P20-68,Промплощадка.Отвалы,58° 36.121',115° 10.463',30,15,5,30.12.20,1.1.21,`+,5,Кузнецов А.А.,закрыта согласно ТЗ (бурение 10 м по скале)
,254,УРБ-2А2 (о614ае 797),VU20-92,Водопровод хоз.питьевой,58° 35.514',115° 14.337',7,2,0,2.1.21,2.1.21,-,1,Яппаров А.Р.,закрыта согласно ТЗ (бурение 2 м по скале)
,255,УРБ-2А2 (о614ае 797),VU20-94,Водопровод хоз.питьевой,58° 35.338',115° 14.508',7,7,5,3.1.21,3.1.21,-,2,Кузнецов А.А.,закрыта согласно ТЗ (бурение 2 м по скале)
,256,УРБ-2А2 (о614ае 797),VU20-99,Водопровод хоз.питьевой,58° 34.800',115° 14.506',10,8,6,3.1.21,3.1.21,`+,2,Кузнецов А.А.,закрыта согласно ТЗ (бурение 2 м по скале)
,257,LM - 75,P20-62,Промплощадка.Отвалы,58° 36.031',115° 10.285',30,10,1,4.1.21,4.1.21,`+,4,Яппаров А.Р.,закрыта согласно ТЗ (бурение 5 м по скале)
,258,УРБ-2А2 (о614ае 797),P20-28,Промплощадка.Отвалы,58° 36.312',115° 09.592',30,27,22,4.1.21,6.1.21,-,5,Кузнецов А.А.,закрыта согласно ТЗ (бурение 5 м по скале)
,259,УРБ-2А2 (о614ае 797),P20-80,Промплощадка.Отвалы,58° 35.934',115° 10.808',30,7,2,5.1.21,5.1.21,`+,2,Кузнецов А.А.,закрыта согласно ТЗ (бурение 5 м по скале)
,260,LM - 75,P20-77,Промплощадка.Отвалы,58° 35.936',115° 10.632',30,11,0.2,5.1.21,5.1.21,-,3,Кочетков Р.В.,закрыта согласно ТЗ (бурение 10 м по скале)
,261,УРБ-2А2 (о614ае 797),VU20-56,Водопровод хоз.питьевой,58° 36.298',115° 08.779',7,7,-,5.1.21,5.1.21,-,2,Кузнецов А.А.,закрыта согласно ТЗ 